 ;;;;;;;;;;;;
; ; ; ; ;; ;24.0;;;;;
;;; ; ;Proyecci�n de estado de resultados [Sinopsis]; ;;;;;;
;;; ; ; ; ;Valor al cierre del mes;;;;;
;pre_cs-im_eeff_role-760000(20240827);cs-im_cor_2024-08-27.xsd#cs-im_PrimasRetenidasProyectadas;;;7.31.11.00 Prima retenida proyectada;;15900;;;;;
;pre_cs-im_eeff_role-760000(20240827);cs-im_cor_2024-08-27.xsd#cs-im_PrimasDirectasProyectadas;;;7.31.11.10 Prima directa proyectada;;25000;;;;;
;pre_cs-im_eeff_role-760000(20240827);cs-im_cor_2024-08-27.xsd#cs-im_CostoSiniestrosDelEjercicioProyectados;;;7.31.13.00 Costo de siniestros proyectado;;780000;;;;;
;pre_cs-im_eeff_role-760000(20240827);cs-im_cor_2024-08-27.xsd#cs-im_CostoDeRentasDelEjercicioProyectados;;;7.31.14.00 Costo de rentas proyectado;;4500;;;;;
;pre_cs-im_eeff_role-760000(20240827);cs-im_cor_2024-08-27.xsd#cs-im_MargenDeContribucionProyectado;;;7.31.10.00 Margen de contribuci�n proyectado;;36000;;;;;
;pre_cs-im_eeff_role-760000(20240827);cs-im_cor_2024-08-27.xsd#cs-im_ResultadoDeInversionesProyectado;;;7.31.30.00 Resultado de inversiones proyectado;;78000;;;;;
;pre_cs-im_eeff_role-760000(20240827);cs-im_cor_2024-08-27.xsd#cs-im_ResultadoDelPeriodoProyectado;;;7.31.00.00 Total resultado del periodo proyectado;;45890;;;;;
;;;;;;;;;;;;
