 ;;;;;;;;;;;
; ; ; ; ;; ;24.0;;;;
;;; ; ;Supuesto de la proyecci�n [Sinopsis]; ;;;;;
;;; ; ; ; ;;;;;
;;; ; ;Incobrabilidad de la prima;;;;;;
;pre_cs-im_eeff_role-780000(20240827);cs-im_cor_2024-08-27.xsd#cs-im_IncobrabilidadPrima;;;110000;;;;;;
;;;;;Inversiones;;;;;;
;pre_cs-im_eeff_role-780000(20240827);cs-im_cor_2024-08-27.xsd#cs-im_Inversiones;;;356000;;;;;;
;;;;;Siniestralidad;;;;;;
;pre_cs-im_eeff_role-780000(20240827);cs-im_cor_2024-08-27.xsd#cs-im_Siniestralidad;;;780000;;;;;;
;;; ; ;Variacion volumen del negocio;;;;;;
;pre_cs-im_eeff_role-780000(20240827);cs-im_cor_2024-08-27.xsd#cs-im_VariacionVolumenNegocio;;;65000;;;;;;
;;; ; ;Aumento de capital o reparto de dividendos;;;;;;
;pre_cs-im_eeff_role-780000(20240827);cs-im_cor_2024-08-27.xsd#cs-im_AumentoCapitalRepartoDividendos;;;235000;;;;;;
;;; ; ;Otros supuestos;;;;;;
;pre_cs-im_eeff_role-780000(20240827);cs-im_cor_2024-08-27.xsd#cs-im_OtrosSupuestos;;;25000;;;;;;
;;;;;;;;;;;
