 ;;; ; ;; ;;;;;;;
;;; ; ;; ;7.0;;;;;;
;;;;;;;;;;;;;
; ; ; ; ;Resultado de inversiones; ;;;;;;;
; ; ; ; ;; ;;;;;;;
; ; ; ; ;Resultado de inversiones [sinopsis]; ;;;;;;;
;;;;;;;;;;;;;
;;;;;Cuadro Resumen [sinopsis]  ; ;;;;;;;
;;;;;; ;Periodo Actual;;;;;;
;pre_cl-cs_nota-35_role-851000(2017);cl-cs_cor_2015-01-07.xsd#cl-cs_ResultadoDeInversiones; ; ;        Resultado de inversiones; ;136.184.994.000;;;;;;
;;;;;;;;;;;;;
;;; ; ;        Explicaci�n otras inversiones [bloque de texto]  ;;;;;;;;
;pre_cl-cs_nota-35_role-851000(2017);cl-cs_cor_2015-01-07.xsd#cl-cs_ExplicacionOtrasInversionesBloqueDeTexto; ; ;; ;;;;;;;
;;;;;;;;;;;;;
