;;;;;;;
;;;;;;;
;;;;;;;
DIMENUE;;;;;Seg. con reservas matem�ticas [sinopsis];Total [miembro];
DIMEAVA;;;cl-cs_cor_2017-04-30.xsd#cl-cs_SegConReservasMatematicasTabla;cl-cs_cor_2017-04-30.xsd#cl-cs_SegConReservasMatematicasEje;;cl-cs_cor_2015-01-07.xsd#cl-cs_SegurosAccidentesSaludYAdicionalesMiembro;
;;;;;;;
;;cl-cs_cor_2015-01-07.xsd#cl-cs_MargenDeSolvenciaSegurosConReservaMatamatica;ACT; ;Total margen de solvencia (columna ant./20);387.240.538.000;
;;cl-cs_cor_2015-01-07.xsd#cl-cs_PasivoSegurosConReservaMatamatica;ACT; ;Pasivo total;7.748.300.105.000;
;;cl-cs_cor_2015-01-07.xsd#cl-cs_PasivoIndirectoSegurosConReservaMatamatica;ACT; ;Pasivo indirecto;0;
;;cl-cs_cor_2015-01-07.xsd#cl-cs_ReservaDeSegurosLetraASegurosConReservaMatematica;ACT; ;Reserva de seguros letra A.;1.212.607.000;
;;cl-cs_cor_2015-01-07.xsd#cl-cs_AccidentesSegurosConReservaMatamatica;ACT; ;Accidentes;440.919.000;
;;cl-cs_cor_2015-01-07.xsd#cl-cs_SaludSegurosConReservaMatamatica;ACT; ;Salud;660.470.000;
;;cl-cs_cor_2015-01-07.xsd#cl-cs_AdicionalesSegurosConReservaMatamatica;ACT;;Adicionales;111.218.000;
;;cl-cs_cor_2015-01-07.xsd#cl-cs_ReservaSegurosLetraBSegurosConReservaMatamatica;ACT;;Reserva seguros letra B.;2.276.748.000;
;;cl-cs_cor_2015-01-07.xsd#cl-cs_ObligacionCompa�iaMenosReservaAYBSegurosConReservaMatamatica;ACT;;Oblig. cia. menos res. A y B;7.744.810.750.000;
;;;;;;;
