;;;;;Copiar Columna;;;;
;;;;;;;;;
;;;;;;;;;
;;;;;      Propiedades de uso propio [sinopsis]  ;              Terrenos [miembro];              Edificios [miembro];              Otros [miembro];            Propiedades de uso propio [miembro]
DIMEPERS;;;;cl-cs_cor_2015-01-07.xsd#cl-cs_PropiedadesDeUsoPropioTabla|cl-cs_cor_2015-01-07.xsd#cl-cs_PropiedadesDeUsoPropioEje;;cl-cs_cor_2015-01-07.xsd#cl-cs_TerrenosMiembro;cl-cs_cor_2015-01-07.xsd#cl-cs_EdificiosMiembro;cl-cs_cor_2015-01-07.xsd#cl-cs_OtrosMiembro;cl-cs_cor_2015-01-07.xsd#cl-cs_PropiedadesDeUsoPropioMiembro
;;; ; ;;;;;
INI;pre_cl-cs_nota-14_role-826000(2015);cl-cs_cor_2015-01-07.xsd#cl-cs_PropiedadesUsoPropio;ACT; ;          Propiedades de uso propio (Saldo Inicio);;;10.011.162.000;10.011.162.000
;pre_cl-cs_nota-14_role-826000(2015);cl-cs_cor_2015-01-07.xsd#cl-cs_AdicionesMejorasYTransferenciasPropiedadesUsoPropio;ACT; ;          Adiciones, mejoras y transferencias propiedades de uso propio;;;0;0
;pre_cl-cs_nota-14_role-826000(2015);cl-cs_cor_2015-01-07.xsd#cl-cs_VentasBajasYTransferenciasPropiedadesUsoPropio;ACT; ;          Ventas, bajas y transferencias propiedades de uso propio;;;0;0
;pre_cl-cs_nota-14_role-826000(2015);cl-cs_cor_2015-01-07.xsd#cl-cs_DepreciacionEjercicioPropiedadesUsoPropio;ACT; ;          Depreciaci�n del ejercicio propiedades de uso propio;;;-30.238.000;-30.238.000
;pre_cl-cs_nota-14_role-826000(2015);cl-cs_cor_2015-01-07.xsd#cl-cs_AjustesRevalorizacionPropiedadesUsoPropio;ACT; ;          Ajustes por revalorizaci�n propiedades de uso propio;;;70.079.000;70.079.000
;pre_cl-cs_nota-14_role-826000(2015);cl-cs_cor_2015-01-07.xsd#cl-cs_OtrosAjustesPropiedadesUsoPropio;ACT; ;          Otros ajustes propiedades de uso propio;;;0;0
;pre_cl-cs_nota-14_role-826000(2015);cl-cs_cor_2015-01-07.xsd#cl-cs_ValorContablePropiedadesUsoPropio;ACT; ;          Valor contable propiedades de uso propio;0;0;10.051.003.000;10.051.003.000
;pre_cl-cs_nota-14_role-826000(2015);cl-cs_cor_2015-01-07.xsd#cl-cs_ValorRazonablePropiedadesUsoPropio;ACT; ;          Valor razonable de propiedades de uso propio;;;11.526.292.000;11.526.292.000
;pre_cl-cs_nota-14_role-826000(2015);cl-cs_cor_2015-01-07.xsd#cl-cs_DeterioroPropiedadesUsoPropioProvision;ACT; ;          Deterioro propiedades de uso propio;;;;0
;pre_cl-cs_nota-14_role-826000(2015);cl-cs_cor_2015-01-07.xsd#cl-cs_PropiedadesUsoPropio;ACT; ;          Propiedades de uso propio;;;10.051.003.000;10.051.003.000
;;; ; ; ;;;;
;;;;;;;;;
;;;;;;;;;
;;;;;;;;;
;;;;;;;;;
;;;;;;;;;
;;;;;;;;;
