;;;;;Copiar Columna;;;;;;;;;
;;;;;;;;;;;;;;
;;;;;;;;;;;;;;
DIMENUE;;;;;Cuentas por pagar por impuestos corrientes [sinopsis];Saldos con empresas relacionadas [miembro];Saldos con terceros [miembro];Montos [miembro];;;;;;
DIMEAVA;;;cl-cs_cor_2017-04-30.xsd#cl-cs_CuentasPorPagarPorImpuestosCorrientesTabla;cl-cs_cor_2017-04-30.xsd#cl-cs_CuentasPorPagarPorImpuestosCorrientesEje;;cl-cs_cor_2015-01-07.xsd#cl-cs_SaldosEmpresasRelacionadasMiembro;cl-cs_cor_2015-01-07.xsd#cl-cs_SaldosTercerosMiembro;cl-cs_cor_2017-04-30.xsd#cl-cs_CuentasPorPagarPorImpuestosCorrientesMiembro;;;;;;
;;; ; ;;;;;;;;;;
;;cl-cs_cor_2015-01-07.xsd#cl-cs_IvaPorPagar;ACT; ;Iva por pagar;;678.597.000;678.597.000;;;;;;
;;cl-cs_cor_2015-01-07.xsd#cl-cs_ImpuestoRentaPorPagar;ACT; ;Impuesto renta por pagar;;8.375.000;8.375.000;;;;;;
;;cl-cs_cor_2015-01-07.xsd#cl-cs_ImpuestoTerceros;ACT; ;Impuesto de terceros;;524.723.000;524.723.000;;;;;;
;;cl-cs_cor_2015-01-07.xsd#cl-cs_ImpuestoReaseguro;ACT; ;Impuesto de reaseguro;;0;0;;;;;;
;;cl-cs_cor_2015-01-07.xsd#cl-cs_OtrosPasivosImpuestosCorrientes;ACT; ;Otros pasivos por impuestos corrientes;;39.502.000;39.502.000;;;;;;
;;cl-cs_cor_2015-01-07.xsd#cl-cs_CuentasPorPagarPorImpuestosCorrientes;ACT; ;Cuenta por pagar por impuesto;0;1.251.197.000;1.251.197.000;;;;;;
;;;;;;;;;;;;;;
;;;;;;;;;;;;;;
;;;;;;;;;;;;;;
;;;;;;;;;;;;;;
;;;;;;;;;;;;;;
;;;;;;;;;;;;;;
;;;;;;;;;;;;;;
;;;;;;;;;;;;;;
;;;;;;;;;;;;;;
;;;;;;;;;;;;;;
;;;;;;;;;;;;;;
