;;;;;Copiar Columna;;;;;;;;;
;;;;;;;;;;;;;;
;;;;;;;;;;;;;;
;;;;;      Cuentas por cobrar intermediarios [sinopsis]  ;              Saldos con empresas relacionadas [miembro];              Saldos con terceros [miembro];            Total saldos [miembro];;;;;;
DIMEPERS;;;;cl-cs_cor_2015-01-07.xsd#cl-cs_CuentasPorCobrarIntermediariosTabla|cl-cs_cor_2015-01-07.xsd#cl-cs_SaldosPorTipoRelacionEje;;cl-cs_cor_2015-01-07.xsd#cl-cs_SaldosEmpresasRelacionadasMiembro;cl-cs_cor_2015-01-07.xsd#cl-cs_SaldosTercerosMiembro;cl-cs_cor_2015-01-07.xsd#cl-cs_TotalSaldosMiembro;;;;;;
;;;;;;;;;;;;;;
;pre_cl-cs_nota-22_role-835000(2017);cl-cs_cor_2015-01-07.xsd#cl-cs_CuentasPorCobrarAsesoresPrevisionales;ACT; ;          Cuentas por cobrar asesores previsionales;;10.011.000;10.011.000;;;;;;
;pre_cl-cs_nota-22_role-835000(2017);cl-cs_cor_2015-01-07.xsd#cl-cs_CuentasPorCobrarCorredoresSeguros;ACT; ;          Cuentas por cobrar corredores de seguros;;90.103.000;90.103.000;;;;;;
;pre_cl-cs_nota-22_role-835000(2017);cl-cs_cor_2015-01-07.xsd#cl-cs_CuentasPorCobrarOtrosIntermediarios;ACT; ;          Cuentas por cobrar otros intermediarios;;0;0;;;;;;
;pre_cl-cs_nota-22_role-835000(2017);cl-cs_cor_2015-01-07.xsd#cl-cs_OtrasCuentasPorCobrarSeguros;ACT; ;          Otras cuentas por cobrar seguros;;26.071.000;26.071.000;;;;;;
;pre_cl-cs_nota-22_role-835000(2017);cl-cs_cor_2015-01-07.xsd#cl-cs_DeterioroCuentasPorCobrarIntermediarios;ACT; ;          Deterioro cuentas por cobrar intermediarios;;0;0;;;;;;
;pre_cl-cs_nota-22_role-835000(2017);cl-cs_cor_2015-01-07.xsd#cl-cs_CuentasPorCobrarIntermediarios;ACT; ;          Cuentas por cobrar intermediarios;0;126.185.000;126.185.000;;;;;;
;;;;;          Cuentas por cobrar intermediarios;0;126.185.000;126.185.000;;;;;;
;pre_cl-cs_nota-22_role-835000(2017);cl-cs_cor_2015-01-07.xsd#cl-cs_ActivosNoCorrientesCuentasPorCobrarIntermediarios;ACT; ;          Activos corrientes cuentas por cobrar intermediarios (corto plazo);;126.185.000;126.185.000;;;;;;
;pre_cl-cs_nota-22_role-835000(2017);cl-cs_cor_2015-01-07.xsd#cl-cs_ActivosCorrientesCuentasPorCobrarIntermediarios;ACT; ;          Activos no corrientes cuentas por cobrar intermediarios (largo plazo);;;0;;;;;;
;;;;;;;;;;;;;;
;;;;;;;;;;;;;;
;;;;;;;;;;;;;;
;;;;;;;;;;;;;;
;;;;;;;;;;;;;;
;;;;;;;;;;;;;;
;;;;;;;;;;;;;;
;;;;;;;;;;;;;;
;;;;;;;;;;;;;;
;;;;;;;;;;;;;;
;;;;;;;;;;;;;;
;;;;;;;;;;;;;;
