;;;;;Copiar Columna;;;
;;;;;;;;
;;;;;;;;
DIMENUE;;;;;      Deudas con intermediarios [sinopsis]  ;              Saldos con empresas relacionadas [miembro];              Saldos con terceros [miembro];            Total saldos [miembro]
DIMEAVA;;;cl-cs_cor_2015-01-07.xsd#cl-cs_DeudasConIntermediariosTabla;cl-cs_cor_2015-01-07.xsd#cl-cs_SaldosPorTipoRelacionEje;;cl-cs_cor_2015-01-07.xsd#cl-cs_SaldosEmpresasRelacionadasMiembro;cl-cs_cor_2015-01-07.xsd#cl-cs_SaldosTercerosMiembro;cl-cs_cor_2015-01-07.xsd#cl-cs_TotalSaldosMiembro
;;; ; ;;;;
;;cl-cs_cor_2015-01-07.xsd#cl-cs_DeudasConAsesoresPrevisionales;ACT; ;          Asesores previsionales;;25.964.000;25.964.000
;;cl-cs_cor_2015-01-07.xsd#cl-cs_DeudasConCorredores;ACT; ;          Corredores;;18.042.000;18.042.000
;;cl-cs_cor_2015-01-07.xsd#cl-cs_OtrasDeudasConIntermediarios;ACT; ;          Otras deudas con intermediarios;;;0
;;cl-cs_cor_2015-01-07.xsd#cl-cs_OtrasDeudasPorSeguro;ACT; ;          Otras deudas por seguro;;;0
;;cl-cs_cor_2015-01-07.xsd#cl-cs_DeudasConIntermediarios;ACT; ;          Deudas con intermediarios;0;44.006.000;44.006.000
;;;;;          Deudas con intermediarios;0;44.006.000;44.006.000
;;cl-cs_cor_2015-01-07.xsd#cl-cs_PasivosCorrientesDeudasConIntermediarios;ACT; ;          Pasivos corrientes deudas con intermediarios;;44.006.000;44.006.000
;;cl-cs_cor_2015-01-07.xsd#cl-cs_PasivosNoCorrientesDeudasConIntermediarios;ACT; ;          Pasivos no corrientes deudas con intermediarios;;;0
;;;;;;;;
;;;;;;;;
;;;;;;;;
;;;;;;;;
;;;;;;;;
;;;;;;;;
;;;;;;;;
;;;;;;;;
;;;;;;;;
;;;;;;;;
