;;;;;Copiar Columna;;;;;;;;;;;;;;;;;
;;;;;;;;;;;;;;;;;;;;;;
;;;;;;;;;;;;;;;;;;;;;;
DIMENUE;;;;;          Indices de coberturas por tramos [partidas] (I);                Tramo 1 [miembro];                Tramo 2 [miembro];                Tramo 3 [miembro];                Tramo 4 [miembro];                Tramo 5 [miembro];                Tramo 6 [miembro];                Tramo 7 [miembro];                Tramo 8 [miembro];                Tramo 9 [miembro];                Tramo 10 [miembro];              Total tramos [miembro];;;;;;
DIMEAVA;;;cl-cs_cor_2015-01-07.xsd#cl-cs_IndicesCoberturasTabla;cl-cs_cor_2015-01-07.xsd#cl-cs_InformacionTramoEje;;cl-cs_cor_2015-01-07.xsd#cl-cs_Tramo1Miembro;cl-cs_cor_2015-01-07.xsd#cl-cs_Tramo2Miembro;cl-cs_cor_2015-01-07.xsd#cl-cs_Tramo3Miembro;cl-cs_cor_2015-01-07.xsd#cl-cs_Tramo4Miembro;cl-cs_cor_2015-01-07.xsd#cl-cs_Tramo5Miembro;cl-cs_cor_2015-01-07.xsd#cl-cs_Tramo6Miembro;cl-cs_cor_2015-01-07.xsd#cl-cs_Tramo7Miembro;cl-cs_cor_2015-01-07.xsd#cl-cs_Tramo8Miembro;cl-cs_cor_2015-01-07.xsd#cl-cs_Tramo9Miembro;cl-cs_cor_2015-01-07.xsd#cl-cs_Tramo10Miembro;cl-cs_cor_2015-01-07.xsd#cl-cs_TotalTramosMiembro;;;;;;
;;; ; ;;;;;;;;;;;;;;;;;;
;;;; ;CPK-1 [sinopsis];;;;;;;;;;;;;;;;;
;;cl-cs_cor_2015-01-07.xsd#cl-cs_FlujoActivosNominalesUFAkTramoCPk1;ACT; ;Flujo de activos nominales en UF Ak Tramo CPk-1;;;;;;;;;;;0,0000;;;;;;
;;cl-cs_cor_2015-01-07.xsd#cl-cs_FlujoPasivosSegurosNominalesUFBkTramoCPk1;ACT; ;Flujo de pasivos de seguros nominales en UF Bk Tramo CPk-1;;;;;;;;;;;0,0000;;;;;;
;;cl-cs_cor_2017-04-30.xsd#cl-cs_FlujoPasivosFinancierosUFCkTramoCPk1;ACT; ;Flujo de pasivos financieros en UF Ck Tramo CPk-1;;;;;;;;;;;0,0000;;;;;;
;;cl-cs_cor_2015-01-07.xsd#cl-cs_IndiceCoberturaActivosCAkTramoCPk1;ACT; ;Indice de cobertura de activos CAk Tramo CPk-1;;;;;;;;;;;;;;;;;
;;cl-cs_cor_2015-01-07.xsd#cl-cs_IndiceCoberturaPasivosCPkTramoCPk1;ACT; ;Indice de cobertura de pasivos CPk Tramo CPk-1;;;;;;;;;;;;;;;;;
;;;;;;;;;;;;;;;;;;;;;;
;;;; ;CPK-2 [sinopsis];;;;;;;;;;;;;;;;;
;;cl-cs_cor_2015-01-07.xsd#cl-cs_FlujoActivosNominalesUFAkTramoCPk2;ACT; ;Flujo de activos nominales en UF Ak Tramo CPk-2;24.602.390,9610;21.863.559,0735;24.932.800,2793;22.293.132,5404;25.043.868,3381;25.358.836,0283;15.256.997,7136;20.312.624,2603;10.062.252,1764;538.136,0000;190.264.597,3709;;;;;;
;;cl-cs_cor_2015-01-07.xsd#cl-cs_FlujoPasivosSegurosNominalesUFBkTramoCPk2;ACT; ;Flujo de pasivos de seguros nominales en UF Bk Tramo CPk-2;16.309.978,0790;14.891.370,1306;13.378.873,2402;11.818.468,2526;10.244.121,5132;12.511.414,2622;9.322.617,6231;9.692.569,8420;5.727.340,3959;2.602.348,2781;106.499.101,6167;;;;;;
;;cl-cs_cor_2017-04-30.xsd#cl-cs_FlujoPasivosFinancierosUFCkTramoCPk2;ACT; ;Flujo de pasivos financieros en UF Ck Tramo CPk-2;5.254.158,3100;0,0000;0,0000;0,0000;0,0000;0,0000;0,0000;0,0000;0,0000;0,0000;5.254.158,3100;;;;;;
;;cl-cs_cor_2015-01-07.xsd#cl-cs_IndiceCoberturaActivosCAkTramoCPk2;ACT; ;Indice de cobertura de activos CAk Tramo CPk-2;0,6629;0,6811;0,5366;0,5301;0,4090;0,4934;0,6110;0,4772;0,5692;1,0000;;;;;;;
;;cl-cs_cor_2015-01-07.xsd#cl-cs_IndiceCoberturaPasivosCPkTramoCPk2;ACT; ;Indice de cobertura de pasivos CPk Tramo CPk-2;1,0000;1,0000;1,0000;1,0000;1,0000;1,0000;1,0000;1,0000;1,0000;0,2068;;;;;;;
;;;;;;;;;;;;;;;;;;;;;;
;;;; ;CPK-3 [sinopsis];;;;;;;;;;;;;;;;;
;;cl-cs_cor_2015-01-07.xsd#cl-cs_FlujoActivosNominalesUFAkTramoCPk3;ACT; ;Flujo de activos nominales en UF Ak Tramo CPk-3;24.602.390,9610;21.863.559,0735;24.932.800,2793;22.293.132,5404;25.043.868,3381;25.358.836,0283;15.256.997,7136;20.312.624,2603;10.062.252,1764;538.136,0000;190.264.597,3709;;;;;;
;;cl-cs_cor_2015-01-07.xsd#cl-cs_FlujoPasivosSegurosNominalesUFBkTramoCPk3;ACT; ;Flujo de pasivos de seguros nominales en UF Bk Tramo CPk-3;16.401.590,9570;15.183.801,2484;13.871.505,5287;12.494.744,6748;11.076.947,8539;13.971.626,7094;10.900.320,5699;12.172.426,4818;8.156.135,0964;4.383.887,9788;118.612.987,0991;;;;;;
;;cl-cs_cor_2017-04-30.xsd#cl-cs_FlujoPasivosFinancierosUFCkTramoCPk3;ACT; ;Flujo de pasivos financieros en UF Ck Tramo CPk-3;5.254.158,3100;0,0000;0,0000;0,0000;0,0000;0,0000;0,0000;0,0000;0,0000;0,0000;5.254.158,3100;;;;;;
;;cl-cs_cor_2015-01-07.xsd#cl-cs_IndiceCoberturaActivosCAkTramoCPk3;ACT; ;Indice de cobertura de activos CAk Tramo CPk-3;0,6667;0,6945;0,5564;0,5605;0,4423;0,5510;0,7144;0,5993;0,8106;1,0000;;;;;;;
;;cl-cs_cor_2015-01-07.xsd#cl-cs_IndiceCoberturaPasivosCPkTramoCPk3;ACT; ;Indice de cobertura de pasivos CPk Tramo CPk-3;1,0000;1,0000;1,0000;1,0000;1,0000;1,0000;1,0000;1,0000;1,0000;0,1228;;;;;;;
;;;;;;;;;;;;;;;;;;;;;;
;;;; ;CPK-4 [sinopsis];;;;;;;;;;;;;;;;;
;;cl-cs_cor_2015-01-07.xsd#cl-cs_FlujoActivosNominalesUFAkTramoCPk4;ACT; ;Flujo de activos nominales en UF Ak Tramo CPk-4;24.602.390,9610;21.863.559,0735;24.932.800,2793;22.293.132,5404;25.043.868,3381;25.358.836,0283;15.256.997,7136;20.312.624,2603;10.062.252,1764;538.136,0000;190.264.597,3709;;;;;;
;;cl-cs_cor_2015-01-07.xsd#cl-cs_FlujoPasivosSegurosNominalesUFBkTramoCPk4;ACT; ;Flujo de pasivos de seguros nominales en UF Bk Tramo CPk-4;16.405.484,6743;15.196.663,0845;13.890.289,8477;12.515.847,1115;11.096.728,3217;13.991.773,5033;10.903.652,4283;12.145.676,7495;8.107.392,3437;4.360.833,3954;118.614.341,4598;;;;;;
;;cl-cs_cor_2017-04-30.xsd#cl-cs_FlujoPasivosFinancierosUFCkTramoCPk4;ACT; ;Flujo de pasivos financieros en UF Ck Tramo CPk-4;5.254.158,3100;0,0000;0,0000;0,0000;0,0000;0,0000;0,0000;0,0000;0,0000;0,0000;5.254.158,3100;;;;;;
;;cl-cs_cor_2015-01-07.xsd#cl-cs_IndiceCoberturaActivosCAkTramoCPk4;ACT; ;Indice de cobertura de activos CAk Tramo CPk-4;0,6668;0,6951;0,5571;0,5614;0,4431;0,5518;0,7147;0,5979;0,8057;1,0000;;;;;;;
;;cl-cs_cor_2015-01-07.xsd#cl-cs_IndiceCoberturaPasivosCPkTramoCPk4;ACT;;Indice de cobertura de pasivos CPk Tramo CPk-4;1,0000;1,0000;1,0000;1,0000;1,0000;1,0000;1,0000;1,0000;1,0000;0,1234;;;;;;;
;;;;;;;;;;;;;;;;;;;;;;
;;;;;CPK-5 [sinopsis];;;;;;;;;;;;;;;;;
;;cl-cs_cor_2017-04-30.xsd#cl-cs_FlujoActivosNominalesUFAkTramoCPk5;ACT;;Flujo de activos nominales en UF Ak Tramo CPk-5;24.602.390,9610;21.863.559,0735;24.932.800,2793;22.293.132,5404;25.043.868,3381;25.358.836,0283;15.256.997,7136;20.312.624,2603;10.062.252,1764;538.136,0000;190.264.597,3709;;;;;;
;;cl-cs_cor_2017-04-30.xsd#cl-cs_FlujoPasivosSegurosNominalesUFBkTramoCPk5;ACT;;Flujo de pasivos de seguros nominales en UF Bk Tramo CPk-5;16.423.514,2999;15.271.006,8791;14.034.014,9756;12.736.637,8484;11.395.259,9812;14.563.636,6273;11.564.293,3938;13.184.662,9280;8.937.121,2732;4.798.557,6291;122.908.705,8356;;;;;;
;;cl-cs_cor_2017-04-30.xsd#cl-cs_FlujoPasivosFinancierosUFCkTramoCPk5;ACT;;Flujo de pasivos financieros en UF Ck Tramo CPk-5;5.254.158,3100;0,0000;0,0000;0,0000;0,0000;0,0000;0,0000;0,0000;0,0000;0,0000;5.254.158,3100;;;;;;
;;cl-cs_cor_2017-04-30.xsd#cl-cs_IndiceCoberturaActivosCAkTramoCPk5;ACT;;Indice de cobertura de activos CAk Tramo CPk-5;0,6676;0,6985;0,5629;0,5713;0,4550;0,5743;0,7580;0,6491;0,8882;1,0000;;;;;;;
;;cl-cs_cor_2017-04-30.xsd#cl-cs_IndiceCoberturaPasivosCPkTramoCPk5;ACT;;Indice de cobertura de pasivos CPk Tramo CPk-5;1,0000;1,0000;1,0000;1,0000;1,0000;1,0000;1,0000;1,0000;1,0000;0,1122;;;;;;;
;;;;;;;;;;;;;;;;;;;;;;
;;;;;;;;;;;;;;;;;;;;;;
;;;;;;;;;;;;;;;;;;;;;;
;;;;;;;;;;;;;;;;;;;;;;
;;;;;;;;;;;;;;;;;;;;;;
;;;;;;;;;;;;;;;;;;;;;;
;;;;;;;;;;;;;;;;;;;;;;
;;;;;;;;;;;;;;;;;;;;;;
;;;;;;;;;;;;;;;;;;;;;;
;;;;;;;;;;;;;;;;;;;;;;
;;;;;;;;;;;;;;;;;;;;;;
