;;;;;Copiar Columna;;;;;;;;;
;;;;;;;;;;;;;;
;;;;;;;;;;;;;;
;;;;;;;;;;;;;;
;;;;;Cuentas por cobrar asegurados nacional y extranjero [sinopsis];Total [miembro];;;;;;;;
;;;;;;;;;;;;;;
;;;;;;;;;;;;;;
DIMEPERS;;;;cl-cs_cor_2017-04-30.xsd#cl-cs_CuentasPorCobrarAseguradosNacionalYExtranjeroTabla|cl-cs_cor_2017-04-30.xsd#cl-cs_CuentasPorCobrarAseguradosNacionalYExtranjeroEje;;cl-cs_cor_2017-04-30.xsd#cl-cs_CuentasPorCobrarAseguradosNacionalYExtranjeroMiembro;;;;;;;;
;;;;;;;;;;;;;;
;pre_cl-cs_nota-16_role-828000(2017);cl-cs_cor_2015-01-07.xsd#cl-cs_CuentasPorCobrarAseguradosMonedaNacional;ACT; ;        Cuentas por cobrar asegurados moneda nacional;35.585.000;;;;;;;;
;pre_cl-cs_nota-16_role-828000(2017);cl-cs_cor_2015-01-07.xsd#cl-cs_CuentasPorCobrarAseguradosMonedaExtranjera;ACT; ;        Cuentas por cobrar asegurados moneda extranjera;;;;;;;;;
;pre_cl-cs_nota-16_role-828000(2017);cl-cs_cor_2015-01-07.xsd#cl-cs_CuentasPorCobrarAseguradosPorVencimiento;ACT; ;        Cuentas por cobrar asegurados;35.585.000;;;;;;;;
;;; ; ; ;;;;;;;;;
;;;;;;;;;;;;;;
;;;;;;;;;;;;;;
;;;;;;;;;;;;;;
;;;;;;;;;;;;;;
;;;;;;;;;;;;;;
;;;;;;;;;;;;;;
;;;;;;;;;;;;;;
