;;;;;Copiar Columna;;;;;;;;;
;;;;;;;;;;;;;;
;;;;;;;;;;;;;;
DIMENUE;;;;;Deudas con el personal [sinopsis];Columna opcional 1;Columna opcional 2;Deudas con el personal [miembro];;;;;;
DIMEAVA;;;cl-cs_cor_2017-04-30.xsd#cl-cs_DeudasConElPersonalTabla;cl-cs_cor_2017-04-30.xsd#cl-cs_DeudasConElPersonalEje;;Nota28-DeudConPers_Columnaopcional1_7|Columnaopcional1;Nota28-DeudConPers_Columnaopcional2_8|Columnaopcional2;cl-cs_cor_2017-04-30.xsd#cl-cs_DeudasConElPersonalMiembro;;;;;;
;;; ; ;;;;;;;;;;
;;cl-cs_cor_2015-01-07.xsd#cl-cs_IndemnizacionesYOtros;ACT; ;Indemnizaciones y otros;0;;0;;;;;;
;;cl-cs_cor_2015-01-07.xsd#cl-cs_RemuneracionesPorPagar;ACT; ;Remuneraciones por pagar;900.000;;900.000;;;;;;
;;cl-cs_cor_2015-01-07.xsd#cl-cs_DeudasPrevisionales;ACT; ;Deudas previsionales;445.074.000;;445.074.000;;;;;;
;;cl-cs_cor_2015-01-07.xsd#cl-cs_OtrasDeudasConPersonal;ACT; ;Otras deudas con el personal;3.875.670.000;;3.875.670.000;;;;;;
;;cl-cs_cor_2015-01-07.xsd#cl-cs_DeudasConElPersonal;ACT; ;Deudas con el personal;4.321.644.000;0;4.321.644.000;;;;;;
;;;;;;;;;;;;;;
;;;;;;;;;;;;;;
;;;;;;;;;;;;;;
;;;;;;;;;;;;;;
;;;;;;;;;;;;;;
;;;;;;;;;;;;;;
;;;;;;;;;;;;;;
;;;;;;;;;;;;;;
;;;;;;;;;;;;;;
;;;;;;;;;;;;;;
;;;;;;;;;;;;;;
