;;;;;Copiar Columna;;;
;;;;;;;;
;;;;;;;;
DIMENUE;;;;;Deudas por operaciones coaseguro [sinopsis]  ;Saldos con empresas relacionadas [miembro]; Saldos con terceros [miembro];Total saldos [miembro]
DIMEAVA;;;cl-cs_cor_2015-01-07.xsd#cl-cs_DeudasOperacionesCoaseguroTabla;cl-cs_cor_2015-01-07.xsd#cl-cs_SaldosPorTipoRelacionEje;;cl-cs_cor_2015-01-07.xsd#cl-cs_SaldosEmpresasRelacionadasMiembro;cl-cs_cor_2015-01-07.xsd#cl-cs_SaldosTercerosMiembro;cl-cs_cor_2015-01-07.xsd#cl-cs_TotalSaldosMiembro
;;; ; ;;;;
;pre_cl-cs_nota-26_role-840000(2015);cl-cs_cor_2015-01-07.xsd#cl-cs_PrimasPorPagarOperacionesCoaseguro;ACT; ;          Primas por pagar por operaciones de coaseguro;;;0
;pre_cl-cs_nota-26_role-840000(2015);cl-cs_cor_2015-01-07.xsd#cl-cs_SiniestrosPorPagarOperacionesCoaseguro;ACT; ;          Siniestros por pagar por operaciones de coaseguro;;;0
;;;; ;          Deudas por operaciones por coaseguro (Fila para validar f�rmula adicional, deben ser iguales) ;0;0;0
;pre_cl-cs_nota-26_role-840000(2015);cl-cs_cor_2015-01-07.xsd#cl-cs_DeudasOperacionesPorCoaseguro;ACT; ;          Deudas por operaciones por coaseguro;0;0;0
;pre_cl-cs_nota-26_role-840000(2015);cl-cs_cor_2015-01-07.xsd#cl-cs_PasivosCorrientesDeudasOperacionesCoaseguro;ACT; ;          Pasivos corrientes deudas por operaciones de coaseguro;;;0
;pre_cl-cs_nota-26_role-840000(2015);cl-cs_cor_2015-01-07.xsd#cl-cs_PasivosNoCorrientesDeudasOperacionesCoaseguro;ACT; ;          Pasivos no corrientes deudas por operaciones de coaseguro;;;0
;;;;;;;;
;;;;;;;;
;;;;;;;;
;;;;;;;;
;;;;;;;;
;;;;;;;;
;;;;;;;;
;;;;;;;;
;;;;;;;;
;;;;;;;;
;;;;;;;;
