;;;;;;;;;;;;;
;;;;;;;;;;;;;
;;;;;;;;;;;;;
DIMENUE;;;;;      Reconciliaci�n de la tasa de impuesto efectiva [sinopsis]  ;              Utilidad antes de impuesto [miembro];              Diferencias permanentes [miembro];              Agregados o deducciones [miembro];              Impuesto �nico (gastos rechazados) [miembro];              Gastos no deducibles (gastos financieros y no tributarios) [miembro];              Incentivos de impuestos no reconocidos en el estado de resultados [miembro];              Otros conceptos [miembro];            Tasa efectiva y gasto por impuesto a la renta [miembro]
DIMEAVA;;;cl-cs_cor_2015-01-07.xsd#cl-cs_ReconciliacionTasaImpuestoEfectivaTabla;cl-cs_cor_2015-01-07.xsd#cl-cs_ConceptoImpuestoEje;;cl-cs_cor_2015-01-07.xsd#cl-cs_UtilidadAntesImpuestoMiembro;cl-cs_cor_2015-01-07.xsd#cl-cs_DiferenciasPermanentesMiembro;cl-cs_cor_2015-01-07.xsd#cl-cs_AgregadosODeduccionesMiembro;cl-cs_cor_2015-01-07.xsd#cl-cs_ImpuestoUnicoPorGastosRechazadosMiembro;cl-cs_cor_2015-01-07.xsd#cl-cs_GastosNoDeduciblesPorGastosFinancierosYNoTributariosMiembro;cl-cs_cor_2015-01-07.xsd#cl-cs_IncentivosImpuestosNoReconocidosEnEstadoResultadosMiembro;cl-cs_cor_2015-01-07.xsd#cl-cs_OtrosConceptosMiembro;cl-cs_cor_2015-01-07.xsd#cl-cs_TasaEfectivaYGastoImpuestoRentaMiembro
;;; ; ;;;;;;;;;
;;cl-cs_cor_2015-01-07.xsd#cl-cs_TasaImpuesto;ACT; ;          Tasa de impuesto  [Decimal];-0,2700;0,1627;0,0000;-0,0003;0,0000;0,0000;0,0000;
;;cl-cs_cor_2015-01-07.xsd#cl-cs_Monto;ACT; ;          Monto  ;8.354.977.000;-5.034.731.000;0;8.374.000;0;0;0;3.328.620.000
;;;;;;;;;;;;;
;;;;;;;;;;;;;
;;;;;;;;;;;;;
;;;;;;;;;;;;;
;;;;;;;;;;;;;
;;;;;;;;;;;;;
;;;;;;;;;;;;;
;;;;;;;;;;;;;
;;;;;;;;;;;;;
;;;;;;;;;;;;;
